{
  "schema": "v1",
  "enabled": true,
  "name": "Berserk",
  "anchor": {
    "Screen": "BottomCenter"
  },
  "pos": [
    0.0,
    0.0
  ],
  "opacity": 1.0,
  "trigger": {
    "source": "Inherit",
    "threshold": {
      "threshold_type": "Always",
      "amount_type": "Intensity"
    }
  },
  "filter": {
    "player": {
      "combat": null,
      "specs": [
        "Berserker"
      ],
      "weapons": [],
      "traits": [],
      "mounts": []
    },
    "map": {
      "category": [],
      "whitelist": true,
      "ids": []
    }
  },
  "animation": null,
  "layer": 0,
  "elements": [
    {
      "enabled": true,
      "name": "Type 1",
      "anchor": "Parent",
      "pos": [
        0.0,
        0.0
      ],
      "opacity": 1.0,
      "trigger": {
        "source": "Inherit",
        "threshold": {
          "threshold_type": "Always",
          "amount_type": "Intensity"
        }
      },
      "filter": {
        "player": {
          "combat": null,
          "specs": [],
          "weapons": [],
          "traits": [],
          "mounts": []
        },
        "map": {
          "category": [],
          "whitelist": true,
          "ids": []
        }
      },
      "animation": null,
      "type": "Group",
      "members": [
        {
          "enabled": true,
          "name": "Bar",
          "anchor": "Parent",
          "pos": [
            -325.0,
            -122.0
          ],
          "opacity": 1.0,
          "trigger": {
            "source": "Inherit",
            "threshold": {
              "threshold_type": "Always",
              "amount_type": "Intensity"
            }
          },
          "filter": {
            "player": {
              "combat": null,
              "specs": [],
              "weapons": [],
              "traits": [],
              "mounts": []
            },
            "map": {
              "category": [],
              "whitelist": true,
              "ids": []
            }
          },
          "animation": null,
          "type": "Group",
          "members": [
            {
              "enabled": true,
              "name": "BG",
              "anchor": "Parent",
              "pos": [
                0.0,
                0.0
              ],
              "opacity": 1.0,
              "trigger": {
                "source": "Always",
                "threshold": {
                  "threshold_type": "Always",
                  "amount_type": "Intensity"
                }
              },
              "filter": {
                "player": {
                  "combat": null,
                  "specs": [
                    "Berserker"
                  ],
                  "weapons": [],
                  "traits": [],
                  "mounts": []
                },
                "map": {
                  "category": [],
                  "whitelist": true,
                  "ids": []
                }
              },
              "animation": null,
              "type": "Bar",
              "progress_kind": "Duration",
              "max": 5.0,
              "lower_bound": 0.0,
              "upper_bound": 1.0,
              "fill": [
                0.0,
                0.0,
                0.0,
                0.5921569
              ],
              "background": [
                0.000001,
                9.9999e-7,
                9.9999e-7,
                0.59162307
              ],
              "border_size": 0.0,
              "border_color": [
                0.0,
                0.0,
                0.0,
                0.90821254
              ],
              "tick_size": 0.0,
              "tick_color": [
                1.0,
                0.99999,
                0.99999,
                0.56544507
              ],
              "conditions": [],
              "size": [
                169.0,
                14.0
              ],
              "align": "Right",
              "direction": "Right",
              "tick_unit": "Absolute",
              "ticks": [
                1.0,
                2.0,
                3.0,
                4.0
              ]
            },
            {
              "enabled": true,
              "name": "Berserk",
              "anchor": "Parent",
              "pos": [
                0.0,
                0.0
              ],
              "opacity": 1.0,
              "trigger": {
                "source": {
                  "Buff": [
                    29502
                  ]
                },
                "threshold": {
                  "threshold_type": "Always",
                  "amount_type": "Intensity"
                }
              },
              "filter": {
                "player": {
                  "combat": null,
                  "specs": [
                    "Berserker"
                  ],
                  "weapons": [],
                  "traits": [],
                  "mounts": []
                },
                "map": {
                  "category": [],
                  "whitelist": true,
                  "ids": []
                }
              },
              "animation": null,
              "type": "Bar",
              "progress_kind": "Duration",
              "max": 5.0,
              "lower_bound": 0.0,
              "upper_bound": 1.0,
              "fill": [
                0.9905213,
                0.73389333,
                0.22063746,
                1.0
              ],
              "background": [
                0.0,
                0.0,
                0.0,
                0.0
              ],
              "border_size": 0.0,
              "border_color": [
                0.0,
                0.0,
                0.0,
                0.90821254
              ],
              "tick_size": 0.0,
              "tick_color": [
                1.0,
                0.99999,
                0.99999,
                0.56544507
              ],
              "conditions": [],
              "size": [
                169.0,
                14.0
              ],
              "align": "Right",
              "direction": "Right",
              "tick_unit": "Absolute",
              "ticks": [
                1.0,
                2.0,
                3.0,
                4.0
              ]
            },
            {
              "enabled": true,
              "name": "Border",
              "anchor": "Parent",
              "pos": [
                0.0,
                0.0
              ],
              "opacity": 1.0,
              "trigger": {
                "source": {
                  "Buff": [
                    29502
                  ]
                },
                "threshold": {
                  "threshold_type": "Present",
                  "amount_type": "Intensity"
                }
              },
              "filter": {
                "player": {
                  "combat": null,
                  "specs": [
                    "Berserker"
                  ],
                  "weapons": [],
                  "traits": [],
                  "mounts": []
                },
                "map": {
                  "category": [],
                  "whitelist": true,
                  "ids": []
                }
              },
              "animation": null,
              "type": "Bar",
              "progress_kind": "Duration",
              "max": 5.0,
              "lower_bound": 0.0,
              "upper_bound": 1.0,
              "fill": [
                0.9905213,
                0.73389333,
                0.22063746,
                0.0
              ],
              "background": [
                0.0,
                0.0,
                0.0,
                0.0
              ],
              "border_size": 1.0,
              "border_color": [
                0.0,
                0.0,
                0.0,
                0.90821254
              ],
              "tick_size": 0.0,
              "tick_color": [
                1.0,
                0.99999,
                0.99999,
                0.56544507
              ],
              "conditions": [],
              "size": [
                169.0,
                14.0
              ],
              "align": "Right",
              "direction": "Right",
              "tick_unit": "Absolute",
              "ticks": [
                1.0,
                2.0,
                3.0,
                4.0
              ]
            }
          ]
        },
        {
          "enabled": true,
          "name": "Icon",
          "anchor": "Parent",
          "pos": [
            -239.0,
            -148.0
          ],
          "opacity": 1.0,
          "trigger": {
            "source": "Inherit",
            "threshold": {
              "threshold_type": "Always",
              "amount_type": "Intensity"
            }
          },
          "filter": {
            "player": {
              "combat": null,
              "specs": [],
              "weapons": [],
              "traits": [],
              "mounts": []
            },
            "map": {
              "category": [],
              "whitelist": true,
              "ids": []
            }
          },
          "animation": null,
          "type": "Group",
          "members": [
            {
              "enabled": true,
              "name": "Icon BG",
              "anchor": "Parent",
              "pos": [
                0.0,
                0.0
              ],
              "opacity": 1.0,
              "trigger": {
                "source": "Always",
                "threshold": {
                  "threshold_type": {
                    "Above": 5.0
                  },
                  "amount_type": "Duration"
                }
              },
              "filter": {
                "player": {
                  "combat": null,
                  "specs": [],
                  "weapons": [],
                  "traits": [],
                  "mounts": []
                },
                "map": {
                  "category": [],
                  "whitelist": true,
                  "ids": []
                }
              },
              "animation": null,
              "type": "Icon",
              "icon": {
                "File": "Berserk\\Berserk.png"
              },
              "tint": [
                0.41062802,
                0.4106239,
                0.4106239,
                0.6328502
              ],
              "zoom": 1.0,
              "round": 0.0,
              "border_size": 0.0,
              "border_color": [
                0.0,
                0.0,
                0.0,
                1.0
              ],
              "conditions": [],
              "duration_bar": false,
              "duration_text": false,
              "stacks_text": false,
              "size": [
                32.0,
                32.0
              ]
            },
            {
              "enabled": true,
              "name": "Icon",
              "anchor": "Parent",
              "pos": [
                0.0,
                0.0
              ],
              "opacity": 1.0,
              "trigger": {
                "source": {
                  "Buff": [
                    29502
                  ]
                },
                "threshold": {
                  "threshold_type": {
                    "Above": 5.0
                  },
                  "amount_type": "Duration"
                }
              },
              "filter": {
                "player": {
                  "combat": null,
                  "specs": [],
                  "weapons": [],
                  "traits": [],
                  "mounts": []
                },
                "map": {
                  "category": [],
                  "whitelist": true,
                  "ids": []
                }
              },
              "animation": null,
              "type": "Icon",
              "icon": {
                "File": "Berserk\\Berserk.png"
              },
              "tint": [
                1.0,
                1.0,
                1.0,
                1.0
              ],
              "zoom": 1.0,
              "round": 0.0,
              "border_size": 0.0,
              "border_color": [
                0.0,
                0.0,
                0.0,
                1.0
              ],
              "conditions": [],
              "duration_bar": false,
              "duration_text": false,
              "stacks_text": false,
              "size": [
                32.0,
                32.0
              ]
            },
            {
              "enabled": true,
              "name": "Icon Blink",
              "anchor": "Parent",
              "pos": [
                0.0,
                0.0
              ],
              "opacity": 1.0,
              "trigger": {
                "source": {
                  "Buff": [
                    29502
                  ]
                },
                "threshold": {
                  "threshold_type": {
                    "Between": [
                      0.001,
                      4.999
                    ]
                  },
                  "amount_type": "Duration"
                }
              },
              "filter": {
                "player": {
                  "combat": null,
                  "specs": [],
                  "weapons": [],
                  "traits": [],
                  "mounts": []
                },
                "map": {
                  "category": [],
                  "whitelist": true,
                  "ids": []
                }
              },
              "animation": {
                "kind": "Pulse",
                "period": 850
              },
              "type": "Icon",
              "icon": {
                "File": "Berserk\\Berserk.png"
              },
              "tint": [
                1.0,
                1.0,
                1.0,
                1.0
              ],
              "zoom": 1.0,
              "round": 0.0,
              "border_size": 0.0,
              "border_color": [
                0.0,
                0.0,
                0.0,
                1.0
              ],
              "conditions": [],
              "duration_bar": false,
              "duration_text": false,
              "stacks_text": false,
              "size": [
                32.0,
                32.0
              ]
            },
            {
              "enabled": true,
              "name": "Arrows",
              "anchor": "Parent",
              "pos": [
                0.0,
                0.0
              ],
              "opacity": 1.0,
              "trigger": {
                "source": "Inherit",
                "threshold": {
                  "threshold_type": "Always",
                  "amount_type": "Intensity"
                }
              },
              "filter": {
                "player": {
                  "combat": null,
                  "specs": [],
                  "weapons": [],
                  "traits": [],
                  "mounts": []
                },
                "map": {
                  "category": [],
                  "whitelist": true,
                  "ids": []
                }
              },
              "animation": null,
              "type": "Group",
              "members": [
                {
                  "enabled": true,
                  "name": "Arrows R BG",
                  "anchor": "Parent",
                  "pos": [
                    25.0,
                    9.0
                  ],
                  "opacity": 1.0,
                  "trigger": {
                    "source": "Inherit",
                    "threshold": {
                      "threshold_type": "Always",
                      "amount_type": "Intensity"
                    }
                  },
                  "filter": {
                    "player": {
                      "combat": null,
                      "specs": [],
                      "weapons": [],
                      "traits": [],
                      "mounts": []
                    },
                    "map": {
                      "category": [],
                      "whitelist": true,
                      "ids": []
                    }
                  },
                  "animation": null,
                  "type": "IconList",
                  "layout": "Dynamic",
                  "direction": "Right",
                  "size": [
                    40.0,
                    40.0
                  ],
                  "pad": -30.0,
                  "icons": [
                    {
                      "enabled": true,
                      "name": "OFF",
                      "trigger": {
                        "source": "Always",
                        "threshold": {
                          "threshold_type": {
                            "Above": 5.0
                          },
                          "amount_type": "Duration"
                        }
                      },
                      "filter": {
                        "player": {
                          "combat": null,
                          "specs": [],
                          "weapons": [],
                          "traits": [],
                          "mounts": []
                        },
                        "map": {
                          "category": [],
                          "whitelist": true,
                          "ids": []
                        }
                      },
                      "icon": {
                        "File": "Berserk\\UI_RevEnergyArrowCurrent_R.png"
                      },
                      "tint": [
                        0.000001,
                        9.9999e-7,
                        9.9999e-7,
                        0.41545892
                      ],
                      "zoom": 1.0,
                      "round": 0.0,
                      "border_size": 0.0,
                      "border_color": [
                        0.0,
                        0.0,
                        0.0,
                        1.0
                      ],
                      "conditions": [],
                      "duration_bar": false,
                      "duration_text": false,
                      "stacks_text": false
                    },
                    {
                      "enabled": true,
                      "name": "OFF",
                      "trigger": {
                        "source": "Always",
                        "threshold": {
                          "threshold_type": {
                            "Above": 5.0
                          },
                          "amount_type": "Duration"
                        }
                      },
                      "filter": {
                        "player": {
                          "combat": null,
                          "specs": [],
                          "weapons": [],
                          "traits": [],
                          "mounts": []
                        },
                        "map": {
                          "category": [],
                          "whitelist": true,
                          "ids": []
                        }
                      },
                      "icon": {
                        "File": "Berserk\\UI_RevEnergyArrowCurrent_R.png"
                      },
                      "tint": [
                        0.000001,
                        9.9999e-7,
                        9.9999e-7,
                        0.41545892
                      ],
                      "zoom": 1.0,
                      "round": 0.0,
                      "border_size": 0.0,
                      "border_color": [
                        0.0,
                        0.0,
                        0.0,
                        1.0
                      ],
                      "conditions": [],
                      "duration_bar": false,
                      "duration_text": false,
                      "stacks_text": false
                    },
                    {
                      "enabled": true,
                      "name": "OFF",
                      "trigger": {
                        "source": "Always",
                        "threshold": {
                          "threshold_type": {
                            "Above": 5.0
                          },
                          "amount_type": "Duration"
                        }
                      },
                      "filter": {
                        "player": {
                          "combat": null,
                          "specs": [],
                          "weapons": [],
                          "traits": [],
                          "mounts": []
                        },
                        "map": {
                          "category": [],
                          "whitelist": true,
                          "ids": []
                        }
                      },
                      "icon": {
                        "File": "Berserk\\UI_RevEnergyArrowCurrent_R.png"
                      },
                      "tint": [
                        0.000001,
                        9.9999e-7,
                        9.9999e-7,
                        0.41545892
                      ],
                      "zoom": 1.0,
                      "round": 0.0,
                      "border_size": 0.0,
                      "border_color": [
                        0.0,
                        0.0,
                        0.0,
                        1.0
                      ],
                      "conditions": [],
                      "duration_bar": false,
                      "duration_text": false,
                      "stacks_text": false
                    }
                  ]
                },
                {
                  "enabled": true,
                  "name": "Arrows R",
                  "anchor": "Parent",
                  "pos": [
                    25.0,
                    9.0
                  ],
                  "opacity": 1.0,
                  "trigger": {
                    "source": "Inherit",
                    "threshold": {
                      "threshold_type": "Always",
                      "amount_type": "Intensity"
                    }
                  },
                  "filter": {
                    "player": {
                      "combat": null,
                      "specs": [],
                      "weapons": [],
                      "traits": [],
                      "mounts": []
                    },
                    "map": {
                      "category": [],
                      "whitelist": true,
                      "ids": []
                    }
                  },
                  "animation": null,
                  "type": "IconList",
                  "layout": "Dynamic",
                  "direction": "Right",
                  "size": [
                    40.0,
                    40.0
                  ],
                  "pad": -30.0,
                  "icons": [
                    {
                      "enabled": true,
                      "name": "ON",
                      "trigger": {
                        "source": {
                          "Buff": [
                            29502
                          ]
                        },
                        "threshold": {
                          "threshold_type": {
                            "Above": 5.0
                          },
                          "amount_type": "Duration"
                        }
                      },
                      "filter": {
                        "player": {
                          "combat": null,
                          "specs": [],
                          "weapons": [],
                          "traits": [],
                          "mounts": []
                        },
                        "map": {
                          "category": [],
                          "whitelist": true,
                          "ids": []
                        }
                      },
                      "icon": {
                        "File": "Berserk\\UI_RevEnergyArrow_R.png"
                      },
                      "tint": [
                        1.0,
                        0.8,
                        0.4509804,
                        1.0
                      ],
                      "zoom": 1.0,
                      "round": 0.0,
                      "border_size": 0.0,
                      "border_color": [
                        0.0,
                        0.0,
                        0.0,
                        1.0
                      ],
                      "conditions": [],
                      "duration_bar": false,
                      "duration_text": false,
                      "stacks_text": false
                    },
                    {
                      "enabled": true,
                      "name": "ON",
                      "trigger": {
                        "source": {
                          "Buff": [
                            29502
                          ]
                        },
                        "threshold": {
                          "threshold_type": {
                            "Above": 5.0
                          },
                          "amount_type": "Duration"
                        }
                      },
                      "filter": {
                        "player": {
                          "combat": null,
                          "specs": [],
                          "weapons": [],
                          "traits": [],
                          "mounts": []
                        },
                        "map": {
                          "category": [],
                          "whitelist": true,
                          "ids": []
                        }
                      },
                      "icon": {
                        "File": "Berserk\\UI_RevEnergyArrow_R.png"
                      },
                      "tint": [
                        1.0,
                        0.80046207,
                        0.44927537,
                        1.0
                      ],
                      "zoom": 1.0,
                      "round": 0.0,
                      "border_size": 0.0,
                      "border_color": [
                        0.0,
                        0.0,
                        0.0,
                        1.0
                      ],
                      "conditions": [],
                      "duration_bar": false,
                      "duration_text": false,
                      "stacks_text": false
                    },
                    {
                      "enabled": true,
                      "name": "ON",
                      "trigger": {
                        "source": {
                          "Buff": [
                            29502
                          ]
                        },
                        "threshold": {
                          "threshold_type": {
                            "Above": 5.0
                          },
                          "amount_type": "Duration"
                        }
                      },
                      "filter": {
                        "player": {
                          "combat": null,
                          "specs": [],
                          "weapons": [],
                          "traits": [],
                          "mounts": []
                        },
                        "map": {
                          "category": [],
                          "whitelist": true,
                          "ids": []
                        }
                      },
                      "icon": {
                        "File": "Berserk\\UI_RevEnergyArrowCurrent_R.png"
                      },
                      "tint": [
                        0.99607843,
                        0.91764706,
                        0.5921569,
                        1.0
                      ],
                      "zoom": 1.0,
                      "round": 0.0,
                      "border_size": 0.0,
                      "border_color": [
                        0.0,
                        0.0,
                        0.0,
                        1.0
                      ],
                      "conditions": [],
                      "duration_bar": false,
                      "duration_text": false,
                      "stacks_text": false
                    }
                  ]
                },
                {
                  "enabled": true,
                  "name": "Arrows L BG",
                  "anchor": "Parent",
                  "pos": [
                    -25.0,
                    9.0
                  ],
                  "opacity": 1.0,
                  "trigger": {
                    "source": "Inherit",
                    "threshold": {
                      "threshold_type": "Always",
                      "amount_type": "Intensity"
                    }
                  },
                  "filter": {
                    "player": {
                      "combat": null,
                      "specs": [],
                      "weapons": [],
                      "traits": [],
                      "mounts": []
                    },
                    "map": {
                      "category": [],
                      "whitelist": true,
                      "ids": []
                    }
                  },
                  "animation": null,
                  "type": "IconList",
                  "layout": "Dynamic",
                  "direction": "Left",
                  "size": [
                    40.0,
                    40.0
                  ],
                  "pad": -30.0,
                  "icons": [
                    {
                      "enabled": true,
                      "name": "OFF",
                      "trigger": {
                        "source": "Always",
                        "threshold": {
                          "threshold_type": {
                            "Below": 1.0
                          },
                          "amount_type": "Duration"
                        }
                      },
                      "filter": {
                        "player": {
                          "combat": null,
                          "specs": [],
                          "weapons": [],
                          "traits": [],
                          "mounts": []
                        },
                        "map": {
                          "category": [],
                          "whitelist": true,
                          "ids": []
                        }
                      },
                      "icon": {
                        "File": "Berserk\\UI_RevEnergyArrowCurrent_L.png"
                      },
                      "tint": [
                        0.000001,
                        9.9999e-7,
                        9.9999e-7,
                        0.41062802
                      ],
                      "zoom": 1.0,
                      "round": 0.0,
                      "border_size": 0.0,
                      "border_color": [
                        0.0,
                        0.0,
                        0.0,
                        1.0
                      ],
                      "conditions": [],
                      "duration_bar": false,
                      "duration_text": false,
                      "stacks_text": false
                    },
                    {
                      "enabled": true,
                      "name": "OFF",
                      "trigger": {
                        "source": "Always",
                        "threshold": {
                          "threshold_type": {
                            "Below": 1.0
                          },
                          "amount_type": "Duration"
                        }
                      },
                      "filter": {
                        "player": {
                          "combat": null,
                          "specs": [],
                          "weapons": [],
                          "traits": [],
                          "mounts": []
                        },
                        "map": {
                          "category": [],
                          "whitelist": true,
                          "ids": []
                        }
                      },
                      "icon": {
                        "File": "Berserk\\UI_RevEnergyArrowCurrent_L.png"
                      },
                      "tint": [
                        0.000001,
                        9.9999e-7,
                        9.9999e-7,
                        0.41062802
                      ],
                      "zoom": 1.0,
                      "round": 0.0,
                      "border_size": 0.0,
                      "border_color": [
                        0.0,
                        0.0,
                        0.0,
                        1.0
                      ],
                      "conditions": [],
                      "duration_bar": false,
                      "duration_text": false,
                      "stacks_text": false
                    },
                    {
                      "enabled": true,
                      "name": "OFF",
                      "trigger": {
                        "source": "Always",
                        "threshold": {
                          "threshold_type": {
                            "Below": 1.0
                          },
                          "amount_type": "Duration"
                        }
                      },
                      "filter": {
                        "player": {
                          "combat": null,
                          "specs": [],
                          "weapons": [],
                          "traits": [],
                          "mounts": []
                        },
                        "map": {
                          "category": [],
                          "whitelist": true,
                          "ids": []
                        }
                      },
                      "icon": {
                        "File": "Berserk\\UI_RevEnergyArrowCurrent_L.png"
                      },
                      "tint": [
                        0.000001,
                        9.9999e-7,
                        9.9999e-7,
                        0.41062802
                      ],
                      "zoom": 1.0,
                      "round": 0.0,
                      "border_size": 0.0,
                      "border_color": [
                        0.0,
                        0.0,
                        0.0,
                        1.0
                      ],
                      "conditions": [],
                      "duration_bar": false,
                      "duration_text": false,
                      "stacks_text": false
                    }
                  ]
                },
                {
                  "enabled": true,
                  "name": "Arrows L",
                  "anchor": "Parent",
                  "pos": [
                    -25.0,
                    9.0
                  ],
                  "opacity": 1.0,
                  "trigger": {
                    "source": "Inherit",
                    "threshold": {
                      "threshold_type": "Always",
                      "amount_type": "Intensity"
                    }
                  },
                  "filter": {
                    "player": {
                      "combat": null,
                      "specs": [],
                      "weapons": [],
                      "traits": [],
                      "mounts": []
                    },
                    "map": {
                      "category": [],
                      "whitelist": true,
                      "ids": []
                    }
                  },
                  "animation": null,
                  "type": "IconList",
                  "layout": "Dynamic",
                  "direction": "Left",
                  "size": [
                    40.0,
                    40.0
                  ],
                  "pad": -30.0,
                  "icons": [
                    {
                      "enabled": true,
                      "name": "ON",
                      "trigger": {
                        "source": {
                          "Buff": [
                            29502
                          ]
                        },
                        "threshold": {
                          "threshold_type": {
                            "Between": [
                              0.001,
                              4.999
                            ]
                          },
                          "amount_type": "Duration"
                        }
                      },
                      "filter": {
                        "player": {
                          "combat": null,
                          "specs": [],
                          "weapons": [],
                          "traits": [],
                          "mounts": []
                        },
                        "map": {
                          "category": [],
                          "whitelist": true,
                          "ids": []
                        }
                      },
                      "icon": {
                        "File": "Berserk\\UI_RevEnergyArrow_L.png"
                      },
                      "tint": [
                        1.0,
                        0.8,
                        0.4509804,
                        1.0
                      ],
                      "zoom": 1.0,
                      "round": 0.0,
                      "border_size": 0.0,
                      "border_color": [
                        0.0,
                        0.0,
                        0.0,
                        1.0
                      ],
                      "conditions": [],
                      "duration_bar": false,
                      "duration_text": false,
                      "stacks_text": false
                    },
                    {
                      "enabled": true,
                      "name": "ON",
                      "trigger": {
                        "source": {
                          "Buff": [
                            29502
                          ]
                        },
                        "threshold": {
                          "threshold_type": {
                            "Between": [
                              0.001,
                              4.999
                            ]
                          },
                          "amount_type": "Duration"
                        }
                      },
                      "filter": {
                        "player": {
                          "combat": null,
                          "specs": [],
                          "weapons": [],
                          "traits": [],
                          "mounts": []
                        },
                        "map": {
                          "category": [],
                          "whitelist": true,
                          "ids": []
                        }
                      },
                      "icon": {
                        "File": "Berserk\\UI_RevEnergyArrow_L.png"
                      },
                      "tint": [
                        1.0,
                        0.8,
                        0.4509804,
                        1.0
                      ],
                      "zoom": 1.0,
                      "round": 0.0,
                      "border_size": 0.0,
                      "border_color": [
                        0.0,
                        0.0,
                        0.0,
                        1.0
                      ],
                      "conditions": [],
                      "duration_bar": false,
                      "duration_text": false,
                      "stacks_text": false
                    },
                    {
                      "enabled": true,
                      "name": "ON",
                      "trigger": {
                        "source": {
                          "Buff": [
                            29502
                          ]
                        },
                        "threshold": {
                          "threshold_type": {
                            "Between": [
                              0.001,
                              4.999
                            ]
                          },
                          "amount_type": "Duration"
                        }
                      },
                      "filter": {
                        "player": {
                          "combat": null,
                          "specs": [],
                          "weapons": [],
                          "traits": [],
                          "mounts": []
                        },
                        "map": {
                          "category": [],
                          "whitelist": true,
                          "ids": []
                        }
                      },
                      "icon": {
                        "File": "Berserk\\UI_RevEnergyArrowCurrent_L.png"
                      },
                      "tint": [
                        0.9951691,
                        0.9194497,
                        0.5913323,
                        1.0
                      ],
                      "zoom": 1.0,
                      "round": 0.0,
                      "border_size": 0.0,
                      "border_color": [
                        0.0,
                        0.0,
                        0.0,
                        1.0
                      ],
                      "conditions": [],
                      "duration_bar": false,
                      "duration_text": false,
                      "stacks_text": false
                    }
                  ]
                }
              ]
            }
          ]
        }
      ]
    },
    {
      "enabled": false,
      "name": "Type 2",
      "anchor": "Parent",
      "pos": [
        0.0,
        0.0
      ],
      "opacity": 1.0,
      "trigger": {
        "source": "Inherit",
        "threshold": {
          "threshold_type": "Always",
          "amount_type": "Intensity"
        }
      },
      "filter": {
        "player": {
          "combat": null,
          "specs": [],
          "weapons": [],
          "traits": [],
          "mounts": []
        },
        "map": {
          "category": [],
          "whitelist": true,
          "ids": []
        }
      },
      "animation": null,
      "type": "Group",
      "members": [
        {
          "enabled": true,
          "name": "Bar",
          "anchor": "Parent",
          "pos": [
            -293.0,
            -122.0
          ],
          "opacity": 1.0,
          "trigger": {
            "source": "Inherit",
            "threshold": {
              "threshold_type": "Always",
              "amount_type": "Intensity"
            }
          },
          "filter": {
            "player": {
              "combat": null,
              "specs": [],
              "weapons": [],
              "traits": [],
              "mounts": []
            },
            "map": {
              "category": [],
              "whitelist": true,
              "ids": []
            }
          },
          "animation": null,
          "type": "Group",
          "members": [
            {
              "enabled": true,
              "name": "BG",
              "anchor": "Parent",
              "pos": [
                0.0,
                0.0
              ],
              "opacity": 1.0,
              "trigger": {
                "source": "Always",
                "threshold": {
                  "threshold_type": "Always",
                  "amount_type": "Intensity"
                }
              },
              "filter": {
                "player": {
                  "combat": null,
                  "specs": [
                    "Berserker"
                  ],
                  "weapons": [],
                  "traits": [],
                  "mounts": []
                },
                "map": {
                  "category": [],
                  "whitelist": true,
                  "ids": []
                }
              },
              "animation": null,
              "type": "Bar",
              "progress_kind": "Duration",
              "max": 5.0,
              "lower_bound": 0.0,
              "upper_bound": 1.0,
              "fill": [
                0.0,
                0.0,
                0.0,
                0.5921569
              ],
              "background": [
                0.000001,
                9.9999e-7,
                9.9999e-7,
                0.59162307
              ],
              "border_size": 0.0,
              "border_color": [
                0.0,
                0.0,
                0.0,
                0.90821254
              ],
              "tick_size": 0.0,
              "tick_color": [
                1.0,
                0.99999,
                0.99999,
                0.56544507
              ],
              "conditions": [],
              "size": [
                137.0,
                14.0
              ],
              "align": "Right",
              "direction": "Right",
              "tick_unit": "Absolute",
              "ticks": [
                1.0,
                2.0,
                3.0,
                4.0
              ]
            },
            {
              "enabled": true,
              "name": "Berserk",
              "anchor": "Parent",
              "pos": [
                0.0,
                0.0
              ],
              "opacity": 1.0,
              "trigger": {
                "source": {
                  "Buff": [
                    29502
                  ]
                },
                "threshold": {
                  "threshold_type": "Always",
                  "amount_type": "Intensity"
                }
              },
              "filter": {
                "player": {
                  "combat": null,
                  "specs": [
                    "Berserker"
                  ],
                  "weapons": [],
                  "traits": [],
                  "mounts": []
                },
                "map": {
                  "category": [],
                  "whitelist": true,
                  "ids": []
                }
              },
              "animation": null,
              "type": "Bar",
              "progress_kind": "Duration",
              "max": 5.0,
              "lower_bound": 0.0,
              "upper_bound": 1.0,
              "fill": [
                0.9905213,
                0.73389333,
                0.22063746,
                1.0
              ],
              "background": [
                0.0,
                0.0,
                0.0,
                0.0
              ],
              "border_size": 0.0,
              "border_color": [
                0.0,
                0.0,
                0.0,
                0.90821254
              ],
              "tick_size": 0.0,
              "tick_color": [
                1.0,
                0.99999,
                0.99999,
                0.56544507
              ],
              "conditions": [],
              "size": [
                137.0,
                14.0
              ],
              "align": "Right",
              "direction": "Right",
              "tick_unit": "Absolute",
              "ticks": [
                1.0,
                2.0,
                3.0,
                4.0
              ]
            },
            {
              "enabled": true,
              "name": "Border",
              "anchor": "Parent",
              "pos": [
                0.0,
                0.0
              ],
              "opacity": 1.0,
              "trigger": {
                "source": {
                  "Buff": [
                    29502
                  ]
                },
                "threshold": {
                  "threshold_type": "Present",
                  "amount_type": "Intensity"
                }
              },
              "filter": {
                "player": {
                  "combat": null,
                  "specs": [
                    "Berserker"
                  ],
                  "weapons": [],
                  "traits": [],
                  "mounts": []
                },
                "map": {
                  "category": [],
                  "whitelist": true,
                  "ids": []
                }
              },
              "animation": null,
              "type": "Bar",
              "progress_kind": "Duration",
              "max": 5.0,
              "lower_bound": 0.0,
              "upper_bound": 1.0,
              "fill": [
                0.9905213,
                0.73389333,
                0.22063746,
                0.0
              ],
              "background": [
                0.0,
                0.0,
                0.0,
                0.0
              ],
              "border_size": 1.0,
              "border_color": [
                0.0,
                0.0,
                0.0,
                0.90821254
              ],
              "tick_size": 0.0,
              "tick_color": [
                1.0,
                0.99999,
                0.99999,
                0.56544507
              ],
              "conditions": [],
              "size": [
                137.0,
                14.0
              ],
              "align": "Right",
              "direction": "Right",
              "tick_unit": "Absolute",
              "ticks": [
                1.0,
                2.0,
                3.0,
                4.0
              ]
            }
          ]
        },
        {
          "enabled": true,
          "name": "Icon",
          "anchor": "Parent",
          "pos": [
            -309.0,
            -131.0
          ],
          "opacity": 1.0,
          "trigger": {
            "source": "Inherit",
            "threshold": {
              "threshold_type": "Always",
              "amount_type": "Intensity"
            }
          },
          "filter": {
            "player": {
              "combat": null,
              "specs": [],
              "weapons": [],
              "traits": [],
              "mounts": []
            },
            "map": {
              "category": [],
              "whitelist": true,
              "ids": []
            }
          },
          "animation": null,
          "type": "Group",
          "members": [
            {
              "enabled": true,
              "name": "Icon BG",
              "anchor": "Parent",
              "pos": [
                0.0,
                0.0
              ],
              "opacity": 1.0,
              "trigger": {
                "source": "Always",
                "threshold": {
                  "threshold_type": {
                    "Above": 5.0
                  },
                  "amount_type": "Duration"
                }
              },
              "filter": {
                "player": {
                  "combat": null,
                  "specs": [],
                  "weapons": [],
                  "traits": [],
                  "mounts": []
                },
                "map": {
                  "category": [],
                  "whitelist": true,
                  "ids": []
                }
              },
              "animation": null,
              "type": "Icon",
              "icon": {
                "File": "Berserk\\Berserk.png"
              },
              "tint": [
                0.41062802,
                0.4106239,
                0.4106239,
                0.6328502
              ],
              "zoom": 1.0,
              "round": 0.0,
              "border_size": 0.0,
              "border_color": [
                0.0,
                0.0,
                0.0,
                1.0
              ],
              "conditions": [],
              "duration_bar": false,
              "duration_text": false,
              "stacks_text": false,
              "size": [
                32.0,
                32.0
              ]
            },
            {
              "enabled": true,
              "name": "Icon",
              "anchor": "Parent",
              "pos": [
                0.0,
                0.0
              ],
              "opacity": 1.0,
              "trigger": {
                "source": {
                  "Buff": [
                    29502
                  ]
                },
                "threshold": {
                  "threshold_type": {
                    "Above": 5.0
                  },
                  "amount_type": "Duration"
                }
              },
              "filter": {
                "player": {
                  "combat": null,
                  "specs": [],
                  "weapons": [],
                  "traits": [],
                  "mounts": []
                },
                "map": {
                  "category": [],
                  "whitelist": true,
                  "ids": []
                }
              },
              "animation": null,
              "type": "Icon",
              "icon": {
                "File": "Berserk\\Berserk.png"
              },
              "tint": [
                1.0,
                1.0,
                1.0,
                1.0
              ],
              "zoom": 1.0,
              "round": 0.0,
              "border_size": 0.0,
              "border_color": [
                0.0,
                0.0,
                0.0,
                1.0
              ],
              "conditions": [],
              "duration_bar": false,
              "duration_text": false,
              "stacks_text": false,
              "size": [
                32.0,
                32.0
              ]
            },
            {
              "enabled": true,
              "name": "Icon Blink",
              "anchor": "Parent",
              "pos": [
                0.0,
                0.0
              ],
              "opacity": 1.0,
              "trigger": {
                "source": {
                  "Buff": [
                    29502
                  ]
                },
                "threshold": {
                  "threshold_type": {
                    "Between": [
                      0.001,
                      4.999
                    ]
                  },
                  "amount_type": "Duration"
                }
              },
              "filter": {
                "player": {
                  "combat": null,
                  "specs": [],
                  "weapons": [],
                  "traits": [],
                  "mounts": []
                },
                "map": {
                  "category": [],
                  "whitelist": true,
                  "ids": []
                }
              },
              "animation": {
                "kind": "Pulse",
                "period": 850
              },
              "type": "Icon",
              "icon": {
                "File": "Berserk\\Berserk.png"
              },
              "tint": [
                1.0,
                1.0,
                1.0,
                1.0
              ],
              "zoom": 1.0,
              "round": 0.0,
              "border_size": 0.0,
              "border_color": [
                0.0,
                0.0,
                0.0,
                1.0
              ],
              "conditions": [],
              "duration_bar": false,
              "duration_text": false,
              "stacks_text": false,
              "size": [
                32.0,
                32.0
              ]
            },
            {
              "enabled": true,
              "name": "Arrows",
              "anchor": "Parent",
              "pos": [
                101.0,
                -16.0
              ],
              "opacity": 1.0,
              "trigger": {
                "source": "Inherit",
                "threshold": {
                  "threshold_type": "Always",
                  "amount_type": "Intensity"
                }
              },
              "filter": {
                "player": {
                  "combat": null,
                  "specs": [],
                  "weapons": [],
                  "traits": [],
                  "mounts": []
                },
                "map": {
                  "category": [],
                  "whitelist": true,
                  "ids": []
                }
              },
              "animation": null,
              "type": "Group",
              "members": [
                {
                  "enabled": true,
                  "name": "Arrows R BG",
                  "anchor": "Parent",
                  "pos": [
                    25.0,
                    9.0
                  ],
                  "opacity": 1.0,
                  "trigger": {
                    "source": "Inherit",
                    "threshold": {
                      "threshold_type": "Always",
                      "amount_type": "Intensity"
                    }
                  },
                  "filter": {
                    "player": {
                      "combat": null,
                      "specs": [],
                      "weapons": [],
                      "traits": [],
                      "mounts": []
                    },
                    "map": {
                      "category": [],
                      "whitelist": true,
                      "ids": []
                    }
                  },
                  "animation": null,
                  "type": "IconList",
                  "layout": "Dynamic",
                  "direction": "Right",
                  "size": [
                    40.0,
                    40.0
                  ],
                  "pad": -30.0,
                  "icons": [
                    {
                      "enabled": true,
                      "name": "OFF",
                      "trigger": {
                        "source": "Always",
                        "threshold": {
                          "threshold_type": {
                            "Above": 5.0
                          },
                          "amount_type": "Duration"
                        }
                      },
                      "filter": {
                        "player": {
                          "combat": null,
                          "specs": [],
                          "weapons": [],
                          "traits": [],
                          "mounts": []
                        },
                        "map": {
                          "category": [],
                          "whitelist": true,
                          "ids": []
                        }
                      },
                      "icon": {
                        "File": "Berserk\\UI_RevEnergyArrowCurrent_R.png"
                      },
                      "tint": [
                        0.000001,
                        9.9999e-7,
                        9.9999e-7,
                        0.41545892
                      ],
                      "zoom": 1.0,
                      "round": 0.0,
                      "border_size": 0.0,
                      "border_color": [
                        0.0,
                        0.0,
                        0.0,
                        1.0
                      ],
                      "conditions": [],
                      "duration_bar": false,
                      "duration_text": false,
                      "stacks_text": false
                    },
                    {
                      "enabled": true,
                      "name": "OFF",
                      "trigger": {
                        "source": "Always",
                        "threshold": {
                          "threshold_type": {
                            "Above": 5.0
                          },
                          "amount_type": "Duration"
                        }
                      },
                      "filter": {
                        "player": {
                          "combat": null,
                          "specs": [],
                          "weapons": [],
                          "traits": [],
                          "mounts": []
                        },
                        "map": {
                          "category": [],
                          "whitelist": true,
                          "ids": []
                        }
                      },
                      "icon": {
                        "File": "Berserk\\UI_RevEnergyArrowCurrent_R.png"
                      },
                      "tint": [
                        0.000001,
                        9.9999e-7,
                        9.9999e-7,
                        0.41545892
                      ],
                      "zoom": 1.0,
                      "round": 0.0,
                      "border_size": 0.0,
                      "border_color": [
                        0.0,
                        0.0,
                        0.0,
                        1.0
                      ],
                      "conditions": [],
                      "duration_bar": false,
                      "duration_text": false,
                      "stacks_text": false
                    },
                    {
                      "enabled": true,
                      "name": "OFF",
                      "trigger": {
                        "source": "Always",
                        "threshold": {
                          "threshold_type": {
                            "Above": 5.0
                          },
                          "amount_type": "Duration"
                        }
                      },
                      "filter": {
                        "player": {
                          "combat": null,
                          "specs": [],
                          "weapons": [],
                          "traits": [],
                          "mounts": []
                        },
                        "map": {
                          "category": [],
                          "whitelist": true,
                          "ids": []
                        }
                      },
                      "icon": {
                        "File": "Berserk\\UI_RevEnergyArrowCurrent_R.png"
                      },
                      "tint": [
                        0.000001,
                        9.9999e-7,
                        9.9999e-7,
                        0.41545892
                      ],
                      "zoom": 1.0,
                      "round": 0.0,
                      "border_size": 0.0,
                      "border_color": [
                        0.0,
                        0.0,
                        0.0,
                        1.0
                      ],
                      "conditions": [],
                      "duration_bar": false,
                      "duration_text": false,
                      "stacks_text": false
                    }
                  ]
                },
                {
                  "enabled": true,
                  "name": "Arrows R",
                  "anchor": "Parent",
                  "pos": [
                    25.0,
                    9.0
                  ],
                  "opacity": 1.0,
                  "trigger": {
                    "source": "Inherit",
                    "threshold": {
                      "threshold_type": "Always",
                      "amount_type": "Intensity"
                    }
                  },
                  "filter": {
                    "player": {
                      "combat": null,
                      "specs": [],
                      "weapons": [],
                      "traits": [],
                      "mounts": []
                    },
                    "map": {
                      "category": [],
                      "whitelist": true,
                      "ids": []
                    }
                  },
                  "animation": null,
                  "type": "IconList",
                  "layout": "Dynamic",
                  "direction": "Right",
                  "size": [
                    40.0,
                    40.0
                  ],
                  "pad": -30.0,
                  "icons": [
                    {
                      "enabled": true,
                      "name": "ON",
                      "trigger": {
                        "source": {
                          "Buff": [
                            29502
                          ]
                        },
                        "threshold": {
                          "threshold_type": {
                            "Above": 5.0
                          },
                          "amount_type": "Duration"
                        }
                      },
                      "filter": {
                        "player": {
                          "combat": null,
                          "specs": [],
                          "weapons": [],
                          "traits": [],
                          "mounts": []
                        },
                        "map": {
                          "category": [],
                          "whitelist": true,
                          "ids": []
                        }
                      },
                      "icon": {
                        "File": "Berserk\\UI_RevEnergyArrow_R.png"
                      },
                      "tint": [
                        1.0,
                        0.8,
                        0.4509804,
                        1.0
                      ],
                      "zoom": 1.0,
                      "round": 0.0,
                      "border_size": 0.0,
                      "border_color": [
                        0.0,
                        0.0,
                        0.0,
                        1.0
                      ],
                      "conditions": [],
                      "duration_bar": false,
                      "duration_text": false,
                      "stacks_text": false
                    },
                    {
                      "enabled": true,
                      "name": "ON",
                      "trigger": {
                        "source": {
                          "Buff": [
                            29502
                          ]
                        },
                        "threshold": {
                          "threshold_type": {
                            "Above": 5.0
                          },
                          "amount_type": "Duration"
                        }
                      },
                      "filter": {
                        "player": {
                          "combat": null,
                          "specs": [],
                          "weapons": [],
                          "traits": [],
                          "mounts": []
                        },
                        "map": {
                          "category": [],
                          "whitelist": true,
                          "ids": []
                        }
                      },
                      "icon": {
                        "File": "Berserk\\UI_RevEnergyArrow_R.png"
                      },
                      "tint": [
                        1.0,
                        0.80046207,
                        0.44927537,
                        1.0
                      ],
                      "zoom": 1.0,
                      "round": 0.0,
                      "border_size": 0.0,
                      "border_color": [
                        0.0,
                        0.0,
                        0.0,
                        1.0
                      ],
                      "conditions": [],
                      "duration_bar": false,
                      "duration_text": false,
                      "stacks_text": false
                    },
                    {
                      "enabled": true,
                      "name": "ON",
                      "trigger": {
                        "source": {
                          "Buff": [
                            29502
                          ]
                        },
                        "threshold": {
                          "threshold_type": {
                            "Above": 5.0
                          },
                          "amount_type": "Duration"
                        }
                      },
                      "filter": {
                        "player": {
                          "combat": null,
                          "specs": [],
                          "weapons": [],
                          "traits": [],
                          "mounts": []
                        },
                        "map": {
                          "category": [],
                          "whitelist": true,
                          "ids": []
                        }
                      },
                      "icon": {
                        "File": "Berserk\\UI_RevEnergyArrowCurrent_R.png"
                      },
                      "tint": [
                        0.99607843,
                        0.91764706,
                        0.5921569,
                        1.0
                      ],
                      "zoom": 1.0,
                      "round": 0.0,
                      "border_size": 0.0,
                      "border_color": [
                        0.0,
                        0.0,
                        0.0,
                        1.0
                      ],
                      "conditions": [],
                      "duration_bar": false,
                      "duration_text": false,
                      "stacks_text": false
                    }
                  ]
                },
                {
                  "enabled": false,
                  "name": "Arrows L BG",
                  "anchor": "Parent",
                  "pos": [
                    -25.0,
                    9.0
                  ],
                  "opacity": 1.0,
                  "trigger": {
                    "source": "Inherit",
                    "threshold": {
                      "threshold_type": "Always",
                      "amount_type": "Intensity"
                    }
                  },
                  "filter": {
                    "player": {
                      "combat": null,
                      "specs": [],
                      "weapons": [],
                      "traits": [],
                      "mounts": []
                    },
                    "map": {
                      "category": [],
                      "whitelist": true,
                      "ids": []
                    }
                  },
                  "animation": null,
                  "type": "IconList",
                  "layout": "Dynamic",
                  "direction": "Left",
                  "size": [
                    40.0,
                    40.0
                  ],
                  "pad": -30.0,
                  "icons": [
                    {
                      "enabled": true,
                      "name": "OFF",
                      "trigger": {
                        "source": "Always",
                        "threshold": {
                          "threshold_type": {
                            "Below": 1.0
                          },
                          "amount_type": "Duration"
                        }
                      },
                      "filter": {
                        "player": {
                          "combat": null,
                          "specs": [],
                          "weapons": [],
                          "traits": [],
                          "mounts": []
                        },
                        "map": {
                          "category": [],
                          "whitelist": true,
                          "ids": []
                        }
                      },
                      "icon": {
                        "File": "Berserk\\UI_RevEnergyArrowCurrent_L.png"
                      },
                      "tint": [
                        0.000001,
                        9.9999e-7,
                        9.9999e-7,
                        0.41062802
                      ],
                      "zoom": 1.0,
                      "round": 0.0,
                      "border_size": 0.0,
                      "border_color": [
                        0.0,
                        0.0,
                        0.0,
                        1.0
                      ],
                      "conditions": [],
                      "duration_bar": false,
                      "duration_text": false,
                      "stacks_text": false
                    },
                    {
                      "enabled": true,
                      "name": "OFF",
                      "trigger": {
                        "source": "Always",
                        "threshold": {
                          "threshold_type": {
                            "Below": 1.0
                          },
                          "amount_type": "Duration"
                        }
                      },
                      "filter": {
                        "player": {
                          "combat": null,
                          "specs": [],
                          "weapons": [],
                          "traits": [],
                          "mounts": []
                        },
                        "map": {
                          "category": [],
                          "whitelist": true,
                          "ids": []
                        }
                      },
                      "icon": {
                        "File": "Berserk\\UI_RevEnergyArrowCurrent_L.png"
                      },
                      "tint": [
                        0.000001,
                        9.9999e-7,
                        9.9999e-7,
                        0.41062802
                      ],
                      "zoom": 1.0,
                      "round": 0.0,
                      "border_size": 0.0,
                      "border_color": [
                        0.0,
                        0.0,
                        0.0,
                        1.0
                      ],
                      "conditions": [],
                      "duration_bar": false,
                      "duration_text": false,
                      "stacks_text": false
                    },
                    {
                      "enabled": true,
                      "name": "OFF",
                      "trigger": {
                        "source": "Always",
                        "threshold": {
                          "threshold_type": {
                            "Below": 1.0
                          },
                          "amount_type": "Duration"
                        }
                      },
                      "filter": {
                        "player": {
                          "combat": null,
                          "specs": [],
                          "weapons": [],
                          "traits": [],
                          "mounts": []
                        },
                        "map": {
                          "category": [],
                          "whitelist": true,
                          "ids": []
                        }
                      },
                      "icon": {
                        "File": "Berserk\\UI_RevEnergyArrowCurrent_L.png"
                      },
                      "tint": [
                        0.000001,
                        9.9999e-7,
                        9.9999e-7,
                        0.41062802
                      ],
                      "zoom": 1.0,
                      "round": 0.0,
                      "border_size": 0.0,
                      "border_color": [
                        0.0,
                        0.0,
                        0.0,
                        1.0
                      ],
                      "conditions": [],
                      "duration_bar": false,
                      "duration_text": false,
                      "stacks_text": false
                    }
                  ]
                },
                {
                  "enabled": false,
                  "name": "Arrows L",
                  "anchor": "Parent",
                  "pos": [
                    -25.0,
                    9.0
                  ],
                  "opacity": 1.0,
                  "trigger": {
                    "source": "Inherit",
                    "threshold": {
                      "threshold_type": "Always",
                      "amount_type": "Intensity"
                    }
                  },
                  "filter": {
                    "player": {
                      "combat": null,
                      "specs": [],
                      "weapons": [],
                      "traits": [],
                      "mounts": []
                    },
                    "map": {
                      "category": [],
                      "whitelist": true,
                      "ids": []
                    }
                  },
                  "animation": null,
                  "type": "IconList",
                  "layout": "Dynamic",
                  "direction": "Left",
                  "size": [
                    40.0,
                    40.0
                  ],
                  "pad": -30.0,
                  "icons": [
                    {
                      "enabled": true,
                      "name": "ON",
                      "trigger": {
                        "source": {
                          "Buff": [
                            29502
                          ]
                        },
                        "threshold": {
                          "threshold_type": {
                            "Between": [
                              0.001,
                              4.999
                            ]
                          },
                          "amount_type": "Duration"
                        }
                      },
                      "filter": {
                        "player": {
                          "combat": null,
                          "specs": [],
                          "weapons": [],
                          "traits": [],
                          "mounts": []
                        },
                        "map": {
                          "category": [],
                          "whitelist": true,
                          "ids": []
                        }
                      },
                      "icon": {
                        "File": "Berserk\\UI_RevEnergyArrow_L.png"
                      },
                      "tint": [
                        1.0,
                        0.8,
                        0.4509804,
                        1.0
                      ],
                      "zoom": 1.0,
                      "round": 0.0,
                      "border_size": 0.0,
                      "border_color": [
                        0.0,
                        0.0,
                        0.0,
                        1.0
                      ],
                      "conditions": [],
                      "duration_bar": false,
                      "duration_text": false,
                      "stacks_text": false
                    },
                    {
                      "enabled": true,
                      "name": "ON",
                      "trigger": {
                        "source": {
                          "Buff": [
                            29502
                          ]
                        },
                        "threshold": {
                          "threshold_type": {
                            "Between": [
                              0.001,
                              4.999
                            ]
                          },
                          "amount_type": "Duration"
                        }
                      },
                      "filter": {
                        "player": {
                          "combat": null,
                          "specs": [],
                          "weapons": [],
                          "traits": [],
                          "mounts": []
                        },
                        "map": {
                          "category": [],
                          "whitelist": true,
                          "ids": []
                        }
                      },
                      "icon": {
                        "File": "Berserk\\UI_RevEnergyArrow_L.png"
                      },
                      "tint": [
                        1.0,
                        0.8,
                        0.4509804,
                        1.0
                      ],
                      "zoom": 1.0,
                      "round": 0.0,
                      "border_size": 0.0,
                      "border_color": [
                        0.0,
                        0.0,
                        0.0,
                        1.0
                      ],
                      "conditions": [],
                      "duration_bar": false,
                      "duration_text": false,
                      "stacks_text": false
                    },
                    {
                      "enabled": true,
                      "name": "ON",
                      "trigger": {
                        "source": {
                          "Buff": [
                            29502
                          ]
                        },
                        "threshold": {
                          "threshold_type": {
                            "Between": [
                              0.001,
                              4.999
                            ]
                          },
                          "amount_type": "Duration"
                        }
                      },
                      "filter": {
                        "player": {
                          "combat": null,
                          "specs": [],
                          "weapons": [],
                          "traits": [],
                          "mounts": []
                        },
                        "map": {
                          "category": [],
                          "whitelist": true,
                          "ids": []
                        }
                      },
                      "icon": {
                        "File": "Berserk\\UI_RevEnergyArrowCurrent_L.png"
                      },
                      "tint": [
                        0.9951691,
                        0.9194497,
                        0.5913323,
                        1.0
                      ],
                      "zoom": 1.0,
                      "round": 0.0,
                      "border_size": 0.0,
                      "border_color": [
                        0.0,
                        0.0,
                        0.0,
                        1.0
                      ],
                      "conditions": [],
                      "duration_bar": false,
                      "duration_text": false,
                      "stacks_text": false
                    }
                  ]
                }
              ]
            }
          ]
        }
      ]
    }
  ]
}